{"cameraMode":{"drawMode":0,"name":"Shaded","section":"Shading Mode"},"sceneLighting":true,"audioPlay":false,"sceneViewState":{"showFog":true,"showMaterialUpdate":true,"showSkybox":true,"showFlares":true,"showImageEffects":true,"showParticleSystems":true},"in2DMode":false,"pivot":{"x":-8.584230422973633,"y":6.446216583251953,"z":11.542696952819825},"rotation":{"x":0.01531451940536499,"y":-0.00028136480250395834,"z":0.0000049159575610246979,"w":0.9998827576637268},"size":22.0,"orthographic":false}