{"cameraMode":{"drawMode":0,"name":"Shaded","section":"Shading Mode"},"sceneLighting":true,"audioPlay":false,"sceneViewState":{"showFog":true,"showMaterialUpdate":true,"showSkybox":true,"showFlares":true,"showImageEffects":true,"showParticleSystems":true},"in2DMode":false,"pivot":{"x":51.352970123291019,"y":3.726015567779541,"z":100.24195861816406},"rotation":{"x":0.1569824069738388,"y":0.23430827260017396,"z":-0.038368768990039828,"w":0.9586365222930908},"size":8.878055572509766,"orthographic":false}