{"cameraMode":{"drawMode":0,"name":"Shaded","section":"Shading Mode"},"sceneLighting":true,"audioPlay":false,"sceneViewState":{"showFog":true,"showMaterialUpdate":true,"showSkybox":true,"showFlares":true,"showImageEffects":true,"showParticleSystems":true},"in2DMode":false,"pivot":{"x":53.20000076293945,"y":1.6999483108520508,"z":135.10000610351563},"rotation":{"x":0.197523295879364,"y":-0.7986947894096375,"z":0.3561175763607025,"w":0.4430029094219208},"size":410.65960693359377,"orthographic":false}