{"cameraMode":{"drawMode":0,"name":"Shaded","section":"Shading Mode"},"sceneLighting":true,"audioPlay":false,"sceneViewState":{"showFog":true,"showMaterialUpdate":true,"showSkybox":true,"showFlares":true,"showImageEffects":true,"showParticleSystems":true},"in2DMode":false,"pivot":{"x":5.7893476486206059,"y":3.2116098403930666,"z":1.6749396324157715},"rotation":{"x":0.11413189023733139,"y":0.1555236130952835,"z":-0.018092336133122445,"w":0.9810500144958496},"size":1.7365620136260987,"orthographic":false}