{"cameraMode":{"drawMode":0,"name":"Shaded","section":"Shading Mode"},"sceneLighting":true,"audioPlay":false,"sceneViewState":{"showFog":true,"showMaterialUpdate":true,"showSkybox":true,"showFlares":true,"showImageEffects":true,"showParticleSystems":true},"in2DMode":false,"pivot":{"x":5.930599212646484,"y":3.94153094291687,"z":2.1503536701202394},"rotation":{"x":0.11413189023733139,"y":0.1555236130952835,"z":-0.018092336133122445,"w":0.9810500144958496},"size":2.9347689151763918,"orthographic":false}