{"cameraMode":{"drawMode":0,"name":"Shaded","section":"Shading Mode"},"sceneLighting":true,"audioPlay":false,"sceneViewState":{"showFog":true,"showMaterialUpdate":true,"showSkybox":true,"showFlares":true,"showImageEffects":true,"showParticleSystems":true},"in2DMode":false,"pivot":{"x":73.18695068359375,"y":21.131439208984376,"z":78.83415985107422},"rotation":{"x":-0.14276482164859773,"y":-0.04720314219594002,"z":0.006797138601541519,"w":-0.9886070489883423},"size":709.459716796875,"orthographic":false}