{"cameraMode":{"drawMode":0,"name":"Shaded","section":"Shading Mode"},"sceneLighting":true,"audioPlay":false,"sceneViewState":{"showFog":true,"showMaterialUpdate":true,"showSkybox":true,"showFlares":true,"showImageEffects":true,"showParticleSystems":true},"in2DMode":false,"pivot":{"x":-8.411236763000489,"y":-102.71304321289063,"z":117.10940551757813},"rotation":{"x":-0.37524640560150149,"y":0.11659082770347595,"z":-0.04766241833567619,"w":-0.9183273315429688},"size":254.08226013183595,"orthographic":false}