{"cameraMode":{"drawMode":0,"name":"Shaded","section":"Shading Mode"},"sceneLighting":false,"audioPlay":false,"sceneViewState":{"showFog":true,"showMaterialUpdate":true,"showSkybox":false,"showFlares":true,"showImageEffects":true,"showParticleSystems":true},"in2DMode":false,"pivot":{"x":-5.961129188537598,"y":1.820993423461914,"z":20.81096839904785},"rotation":{"x":-0.3044202923774719,"y":-0.20200437307357789,"z":0.06622817367315293,"w":-0.9285129904747009},"size":6.046602725982666,"orthographic":false}