{"cameraMode":{"drawMode":0,"name":"Shaded","section":"Shading Mode"},"sceneLighting":true,"audioPlay":false,"sceneViewState":{"showFog":true,"showMaterialUpdate":true,"showSkybox":true,"showFlares":true,"showImageEffects":true,"showParticleSystems":true},"in2DMode":false,"pivot":{"x":6.668854713439941,"y":2.7903051376342775,"z":1.6750283241271973},"rotation":{"x":0.188497394323349,"y":0.3269544541835785,"z":-0.06672422587871552,"w":0.9236435890197754},"size":1.7365620136260987,"orthographic":false}