{"cameraMode":{"drawMode":0,"name":"Shaded","section":"Shading Mode"},"sceneLighting":true,"audioPlay":false,"sceneViewState":{"showFog":true,"showMaterialUpdate":true,"showSkybox":true,"showFlares":true,"showImageEffects":true,"showParticleSystems":true},"in2DMode":false,"pivot":{"x":11.141891479492188,"y":18.408044815063478,"z":-17.029190063476564},"rotation":{"x":0.16851089894771577,"y":0.07504943013191223,"z":-0.012867849320173264,"w":0.9827543497085571},"size":33.642372131347659,"orthographic":false}