{"cameraMode":{"drawMode":0,"name":"Shaded","section":"Shading Mode"},"sceneLighting":true,"audioPlay":false,"sceneViewState":{"showFog":true,"showMaterialUpdate":true,"showSkybox":true,"showFlares":true,"showImageEffects":true,"showParticleSystems":true},"in2DMode":false,"pivot":{"x":47.236412048339847,"y":14.24180793762207,"z":79.99058532714844},"rotation":{"x":0.0009167496464215219,"y":-0.036875031888484958,"z":0.000034163636883022264,"w":0.9993194937705994},"size":47.847999572753909,"orthographic":false}