{"cameraMode":{"drawMode":0,"name":"Shaded","section":"Shading Mode"},"sceneLighting":false,"audioPlay":false,"sceneViewState":{"showFog":true,"showMaterialUpdate":true,"showSkybox":false,"showFlares":true,"showImageEffects":true,"showParticleSystems":true},"in2DMode":false,"pivot":{"x":0.527723491191864,"y":0.7884030342102051,"z":0.07393461465835571},"rotation":{"x":0.1776774525642395,"y":0.748491644859314,"z":-0.22198465466499329,"w":0.5990941524505615},"size":3.646601438522339,"orthographic":false}