{"cameraMode":{"drawMode":0,"name":"Shaded","section":"Shading Mode"},"sceneLighting":true,"audioPlay":false,"sceneViewState":{"showFog":true,"showMaterialUpdate":true,"showSkybox":true,"showFlares":true,"showImageEffects":true,"showParticleSystems":true},"in2DMode":false,"pivot":{"x":1.0462369918823243,"y":0.10289525985717774,"z":8.05309009552002},"rotation":{"x":0.1569824069738388,"y":0.23430827260017396,"z":-0.038368768990039828,"w":0.9586365222930908},"size":17.566198348999025,"orthographic":false}